area_sqft,num_bedrooms,num_bathrooms,age_years,distance_to_city_km,school_rating,parking_spaces,owner_lucky_number,wall_paint_color_code,survey_respondent_id,random_noise_feature,price_lakhs
1698.7,2,2,21.9,2.46,5.44,2,19,5,496.0,-2.627,102.72
1444.7,2,2,32.69,0.5,7.32,0,84,14,422.9,-0.521,82.79
1759.1,3,1,18.09,0.69,9.94,2,99,18,327.9,1.143,136.74
2109.2,3,3,25.74,27.5,2.18,3,66,16,453.1,-1.733,104.38
1406.3,5,3,21.06,2.8,3.47,3,30,6,524.1,-1.18,88.66
1406.3,5,4,29.26,11.73,4.55,1,53,14,508.0,0.264,75.17
2131.7,1,1,3.27,7.84,4.8,1,34,8,758.5,2.57,121.17
1807.0,1,1,2.41,3.85,4.7,0,22,7,574.9,-1.358,105.67
1312.2,5,2,9.88,1.84,9.17,1,67,8,479.8,-1.397,115.38
1717.0,5,1,6.38,1.04,7.43,3,6,13,394.0,0.339,129.27
1314.6,4,3,34.87,7.64,6.47,0,79,6,540.0,1.205,80.38
1313.7,3,1,8.77,11.92,3.78,0,27,18,363.9,-0.624,88.28
1596.8,1,2,39.03,8.26,8.41,1,10,2,527.0,-1.621,72.86
734.7,3,4,13.48,6.05,9.6,3,73,8,573.1,0.434,89.78
810.0,3,2,7.28,0.5,8.39,0,97,11,467.5,0.615,79.02
1275.1,5,2,31.59,27.66,1.01,3,96,1,405.5,1.779,65.81
1094.9,4,4,26.35,12.82,6.73,3,48,6,172.2,0.657,89.27
1625.7,2,2,19.93,2.77,1.46,3,70,16,671.6,0.828,91.71
1136.8,4,2,22.21,31.28,3.32,1,59,12,560.5,-0.262,37.96
935.1,4,1,28.77,7.37,1.54,2,59,11,564.1,2.442,43.26
2086.3,3,1,9.14,6.99,6.43,2,2,10,265.8,-0.398,136.46
1409.7,4,4,39.85,11.03,7.18,0,29,3,707.0,-0.612,78.33
1527.0,1,1,38.99,13.36,2.03,3,68,13,430.2,1.81,64.82
930.1,3,1,26.01,8.55,4.45,1,65,3,456.7,-1.474,73.51
1282.2,1,2,7.98,1.1,5.11,3,83,15,339.6,-1.847,88.31
1544.4,2,3,27.21,3.3,4.32,3,26,16,232.0,0.12,81.96
1039.6,3,1,2.89,21.06,2.09,1,89,13,673.6,-0.002,61.17
1650.3,2,3,1.23,2.04,4.77,2,10,17,693.0,-0.228,127.63
1259.7,3,1,10.31,3.72,7.76,3,53,3,475.2,0.994,92.12
1383.3,5,1,18.5,4.53,1.64,3,79,11,398.1,-0.908,89.14
1259.3,4,4,34.73,4.63,1.72,2,59,19,443.4,0.064,83.06
2240.9,5,4,29.09,7.59,4.19,1,22,11,447.6,-0.36,112.44
1494.6,2,4,29.71,22.93,9.48,0,51,16,320.0,-0.891,78.64
1076.9,4,3,17.02,2.2,7.02,2,48,3,456.2,-0.062,87.54
1829.0,3,2,13.84,1.04,7.11,0,21,6,523.0,0.853,122.66
1011.7,4,1,14.84,1.76,4.26,0,22,14,652.7,2.121,82.94
1583.5,1,1,39.51,17.44,6.34,2,98,18,502.1,0.579,66.2
716.1,4,1,1.6,8.3,1.09,3,30,17,263.5,-2.511,55.55
968.7,1,3,34.68,2.69,6.72,0,25,4,553.0,-0.038,55.19
1578.7,4,4,23.15,13.54,9.22,0,28,15,461.6,0.05,113.29
1795.4,1,2,17.54,15.81,6.51,1,65,11,705.6,0.936,97.08
1568.5,2,3,29.01,14.99,8.86,3,45,3,714.4,0.185,96.66
1453.7,5,4,19.47,20.1,7.52,0,68,3,719.7,1.253,92.93
1379.6,3,3,34.94,2.33,2.09,1,7,16,415.8,0.392,80.56
908.6,4,2,36.03,11.25,9.12,3,49,5,798.5,1.559,60.52
1212.1,5,4,16.87,4.94,1.6,2,9,10,552.6,-0.439,80.67
1315.7,3,3,11.07,14.76,5.81,2,36,19,744.0,0.144,93.44
1922.8,3,2,23.69,10.43,2.28,1,83,4,424.6,0.827,106.02
1637.4,1,1,36.49,11.98,1.11,2,1,19,455.2,-0.572,54.86
794.8,2,2,8.43,8.54,4.8,0,10,11,541.1,-0.79,57.62
1629.6,2,1,24.92,1.56,3.66,3,36,2,522.8,-0.629,92.21
1346.0,5,3,25.26,6.3,5.37,0,73,10,688.2,-0.749,102.12
1229.2,2,4,29.32,33.42,6.19,0,46,11,465.2,0.523,49.88
1744.7,4,4,5.26,22.17,1.39,2,32,16,674.7,-1.835,86.81
1912.4,2,3,28.63,0.5,2.11,0,32,19,609.8,-1.556,99.83
1872.5,5,4,36.36,1.44,6.03,2,6,11,468.0,1.863,113.89
1164.3,2,4,7.19,1.13,4.09,3,48,14,598.2,-0.725,85.24
1376.3,4,1,9.5,10.36,7.56,3,38,2,429.0,0.2,100.11
1632.5,1,3,38.86,13.62,6.87,0,17,5,852.5,-1.489,71.75
1890.2,5,2,7.24,1.92,8.61,1,74,5,100.4,0.094,137.39
1308.3,1,1,34.18,5.64,7.23,2,27,19,600.9,-0.719,68.25
1425.7,1,3,19.69,14.7,4.87,2,54,12,235.3,-1.563,88.48
1057.5,1,1,9.89,10.56,7.06,0,50,18,466.2,1.337,68.09
1021.5,3,2,34.83,6.25,3.48,2,35,4,487.2,1.183,56.92
1825.0,3,2,17.81,7.14,3.76,2,85,17,726.1,-0.107,105.54
2042.5,1,3,20.59,5.68,8.1,1,25,10,396.2,0.999,116.3
1471.2,5,2,14.37,2.83,5.02,1,28,6,696.2,1.903,106.38
1901.4,4,1,23.72,6.66,8.19,0,15,14,323.2,0.754,115.15
1644.7,4,2,6.54,9.34,8.4,1,4,11,702.0,0.48,118.54
1242.0,2,1,15.64,16.53,8.72,0,93,11,428.8,0.199,68.61
1644.6,5,1,38.78,8.09,9.25,3,73,18,511.0,0.649,97.86
2115.2,3,2,10.33,11.45,4.88,0,27,18,449.5,-0.364,126.4
1485.7,1,3,26.27,1.4,3.87,3,26,11,692.4,-0.277,86.24
2125.9,2,4,13.01,4.95,6.24,0,19,12,663.2,0.451,131.5
452.1,4,2,30.94,0.5,4.34,2,92,5,566.5,-0.474,47.03
1828.8,3,1,5.23,2.27,6.41,1,17,9,327.2,-0.366,128.08
1534.8,3,1,38.79,10.37,7.35,3,43,9,392.7,0.0,85.37
1380.4,1,2,18.15,38.44,7.2,0,41,10,345.7,1.151,49.31
1536.7,4,3,9.44,0.84,4.37,1,42,19,162.8,-1.133,104.82
705.0,5,3,2.94,4.11,2.5,0,50,1,689.2,0.759,63.66
1412.1,3,1,6.79,12.88,4.87,1,84,7,450.8,0.792,97.38
1642.8,1,1,20.79,1.83,2.28,1,40,4,449.2,0.786,93.86
2091.2,5,3,13.48,6.48,9.01,0,39,1,724.4,-0.807,146.21
1292.7,4,4,33.16,10.57,4.11,3,23,15,428.6,-1.693,82.2
1176.6,3,2,17.24,7.66,2.39,3,96,8,373.9,0.56,73.42
1299.3,5,1,9.95,1.67,1.23,2,52,12,466.3,0.188,87.65
1866.2,5,1,24.69,3.51,6.81,1,47,18,330.1,1.004,109.05
1631.5,5,3,28.27,12.25,6.73,2,63,15,551.7,-0.701,90.54
1288.1,3,2,6.68,6.46,4.07,2,97,17,444.0,0.76,101.97
1705.3,3,3,6.7,0.5,1.65,0,69,14,423.9,1.054,106.89
1538.8,2,2,1.47,11.45,4.69,0,43,14,410.9,-0.095,106.23
1887.5,4,2,29.46,0.5,3.8,0,48,18,484.1,0.417,105.83
1219.2,1,2,26.55,10.95,7.09,1,34,18,512.5,0.382,62.7
1368.9,5,1,18.99,1.81,6.45,0,40,16,422.0,-0.821,89.9
1343.2,2,4,33.77,25.37,4.28,0,75,1,446.2,0.531,46.31
914.6,1,3,32.23,3.67,2.96,1,61,11,487.8,1.622,60.99
1618.4,2,4,23.41,3.17,9.89,1,50,15,472.6,0.022,102.87
1604.4,3,3,34.73,1.29,5.09,3,67,12,504.7,-1.461,112.74
1502.0,5,2,8.23,2.92,7.19,0,62,8,398.5,-0.687,109.26
1406.2,1,1,4.48,16.74,2.26,0,58,6,650.7,-1.779,78.24
933.9,1,4,10.79,44.87,5.37,0,33,3,514.5,1.29,27.9
1331.7,1,1,2.28,3.67,1.25,3,75,13,424.4,0.764,84.11
1362.9,1,3,21.25,4.76,5.55,0,16,13,551.7,-0.501,72.3
1179.1,1,1,37.46,10.24,9.68,3,82,2,488.8,-1.418,64.72
1435.5,2,1,1.57,17.39,4.46,2,94,5,239.9,-0.833,77.39
1661.6,5,4,4.88,7.19,1.35,3,48,17,551.1,-0.638,101.48
2254.5,3,2,18.09,3.97,1.28,2,10,6,347.1,0.109,123.36
1569.8,3,1,37.36,4.26,4.49,0,82,2,640.2,0.076,73.92
1603.0,3,2,12.65,9.52,2.44,2,38,4,463.7,1.341,107.73
1470.2,3,3,20.29,0.5,1.21,3,19,11,617.0,-0.693,100.5
732.5,2,1,1.66,7.73,7.81,1,36,8,405.5,-1.508,86.12
1489.4,4,4,5.93,3.51,5.13,2,59,12,510.5,-1.157,109.78
1524.1,5,3,39.47,12.65,3.6,2,63,8,681.5,-0.023,78.3
2485.3,1,3,38.6,0.78,9.1,0,77,11,459.6,-0.729,111.38
1423.1,4,4,0.2,7.1,2.05,3,46,8,411.4,-0.292,104.33
1620.6,3,1,38.07,5.25,9.6,2,3,8,598.3,-0.454,96.0
1486.1,4,1,25.56,8.23,3.83,2,74,17,595.3,0.99,85.87
1032.5,5,3,34.72,0.54,9.0,2,65,16,417.7,-0.587,85.35
1957.1,1,1,18.19,6.94,6.43,2,91,14,202.2,-0.377,110.58
1800.8,1,2,20.62,6.59,8.44,1,8,11,408.5,0.717,85.48
1816.4,5,4,19.55,6.58,9.86,3,51,7,601.6,-0.565,134.15
1136.2,5,2,26.67,7.4,3.6,0,81,16,383.7,0.423,74.71
2061.1,3,1,5.59,9.03,9.65,0,73,13,498.4,0.331,144.88
939.3,1,3,1.2,13.08,4.51,1,6,15,401.4,0.142,72.04
1734.7,4,4,12.32,2.52,4.47,3,89,16,210.2,-1.134,120.97
2376.2,2,1,28.19,13.95,4.06,2,39,9,398.7,1.23,119.34
1103.8,2,1,8.07,5.52,5.87,1,60,3,601.0,2.221,62.86
1273.5,5,3,26.94,0.64,2.39,3,28,19,144.5,0.009,83.4
1539.9,3,3,38.8,0.5,5.98,2,97,5,537.8,-1.046,85.24
1298.6,2,2,3.76,3.25,5.88,1,54,10,322.1,0.029,98.26
879.7,1,4,26.9,12.29,7.86,3,37,17,591.3,0.99,42.4
1527.4,5,4,17.75,9.84,8.5,0,9,15,607.1,-0.615,119.93
1075.1,4,3,34.73,12.43,4.96,0,82,8,474.2,-0.129,56.43
1689.4,5,2,7.09,5.83,3.72,3,56,15,474.5,0.341,120.2
1132.2,4,4,27.71,4.64,3.33,0,59,14,379.0,1.203,75.0
2120.0,5,3,33.52,1.28,2.75,3,85,7,298.2,0.775,130.65
1186.7,5,1,37.78,3.18,1.52,2,2,12,754.7,0.817,49.47
1371.2,5,4,27.33,4.55,4.08,3,61,17,370.2,-0.426,94.53
1825.4,4,2,19.89,0.74,3.43,2,58,17,735.2,0.402,122.97
1007.7,4,2,24.71,1.99,9.7,1,60,10,371.1,-0.722,85.24
1591.0,5,2,34.76,7.29,6.02,3,40,19,578.8,0.846,87.6
2022.9,2,1,22.82,10.64,4.13,1,36,14,329.3,1.151,96.44
857.0,3,4,1.22,51.24,6.22,0,37,11,578.5,0.553,31.64
1573.9,3,4,37.24,21.64,2.25,2,79,2,451.2,-0.367,57.89
1604.0,3,1,27.58,8.23,5.0,3,92,18,453.1,-0.204,88.23
1812.7,4,4,27.06,4.38,6.64,1,18,7,591.5,1.807,126.37
1005.2,4,1,8.63,8.09,5.4,2,98,12,429.6,-0.351,75.86
971.8,2,1,26.36,12.32,4.62,2,63,2,285.8,1.05,48.03
1708.8,3,1,15.75,1.01,9.94,0,22,18,614.2,0.339,123.42
1618.8,3,2,26.05,4.22,8.92,0,11,6,328.1,-0.334,102.07
1600.2,5,4,4.26,14.65,6.61,2,58,10,577.5,-1.345,105.58
1638.6,4,1,26.31,3.87,6.12,2,57,15,645.9,0.212,100.95
1228.0,3,4,39.98,6.79,6.59,3,77,5,443.7,0.091,73.69
1592.9,2,2,1.93,7.09,2.81,2,4,3,677.4,1.807,110.57
1617.2,2,1,39.09,1.63,4.56,3,86,5,572.3,-0.86,76.02
1214.3,3,3,16.28,3.6,1.36,2,7,8,395.6,2.295,87.61
2246.3,4,2,34.83,3.26,5.28,0,61,8,710.2,0.379,119.05
1689.5,2,3,31.3,0.5,5.89,3,54,8,328.7,0.378,93.2
1023.5,5,4,22.68,0.5,3.05,1,88,12,443.5,-0.593,70.32
1762.6,2,4,29.54,14.26,9.68,0,68,8,469.1,0.315,114.47
1110.1,1,2,35.14,2.55,9.19,3,92,11,590.8,0.473,72.32
1814.8,1,4,16.17,5.84,7.5,3,79,14,667.3,0.937,124.35
1963.4,4,3,13.08,2.84,5.8,1,1,8,657.9,-0.978,116.1
1171.7,3,1,26.7,22.6,8.83,3,55,10,533.6,1.407,85.58
1885.4,4,1,32.31,2.4,2.18,2,3,7,458.0,0.361,106.63
1665.1,4,1,30.49,4.49,8.11,1,78,17,226.1,0.608,100.14
1828.8,4,2,31.91,16.49,2.12,0,38,4,302.9,-0.221,78.49
2258.7,4,4,17.42,14.76,8.15,0,1,13,765.0,-0.928,138.92
1401.8,5,3,32.71,1.65,3.48,2,38,4,224.6,0.073,94.32
1198.5,5,4,4.81,12.98,8.89,0,85,5,382.3,0.187,103.9
1144.2,2,4,21.78,4.9,9.5,3,29,4,671.7,-1.385,91.5
1173.7,1,4,0.23,5.28,2.34,3,5,18,531.5,0.793,92.96
1469.2,4,1,12.98,1.15,5.16,2,74,6,639.2,0.997,91.14
1636.5,2,3,14.66,0.67,9.83,0,92,2,581.4,-0.73,115.48
1610.7,1,3,15.85,10.41,5.35,0,21,11,720.4,-1.023,78.05
1830.9,3,4,27.82,5.49,8.77,2,71,14,544.3,-0.303,121.66
1505.2,5,1,15.54,4.59,6.3,1,67,5,599.5,0.024,100.09
2081.4,1,1,17.95,10.46,4.38,0,47,6,391.4,-0.264,91.47
1394.1,3,3,9.5,11.6,3.57,1,84,10,587.9,-0.061,82.25
2588.1,1,1,14.93,1.38,2.83,0,83,8,440.6,0.221,136.56
1750.3,5,1,9.09,7.54,7.86,0,35,14,432.0,-1.368,119.3
1157.1,5,1,2.93,1.16,4.48,0,68,3,634.2,-1.253,88.36
1071.6,2,2,24.14,11.13,5.6,0,69,12,635.2,-2.722,47.63
1693.0,4,4,26.73,8.56,5.43,3,1,16,753.3,0.943,104.96
1410.6,1,3,24.78,25.1,6.2,1,68,17,743.5,0.015,57.79
1785.6,1,3,18.54,0.57,8.79,1,12,1,637.6,1.048,115.7
1689.3,3,2,15.19,0.5,9.83,0,60,10,241.9,-1.138,120.4
1470.9,5,4,34.53,2.65,4.67,0,27,10,774.2,0.024,95.16
1161.3,1,3,20.76,2.43,8.45,1,56,2,637.7,0.215,91.77
894.1,5,1,19.17,2.27,7.88,3,23,9,385.1,-0.562,85.58
1321.4,1,3,1.03,18.94,6.16,2,25,13,609.3,-1.553,82.95
1842.6,2,1,13.65,2.3,9.6,2,21,16,344.4,1.746,124.98
1585.6,4,2,15.21,2.54,2.8,1,61,18,592.8,1.399,99.09
1001.7,1,1,15.95,11.4,1.98,0,63,19,302.6,-0.382,36.9
1569.3,5,3,23.21,4.78,8.69,0,52,12,378.8,0.51,119.54
1654.1,2,3,21.34,11.99,4.95,3,88,8,606.5,-0.485,100.68
1146.5,1,3,24.32,0.54,8.62,2,25,17,660.9,-0.995,101.31
1561.5,3,2,30.6,5.35,9.04,3,55,15,548.8,1.827,118.75
1523.3,4,2,32.52,0.5,1.56,2,46,10,457.1,-1.655,76.28
1042.8,1,4,28.72,0.52,8.95,1,32,15,182.8,-0.286,76.07
1643.1,2,3,38.22,18.95,5.03,2,55,15,468.6,0.084,90.69
1724.3,3,1,0.73,1.2,5.59,3,96,7,580.0,1.651,125.25
1933.2,2,2,7.83,6.08,6.64,3,5,13,452.5,0.897,127.39
1921.5,2,3,0.3,4.24,9.34,3,36,17,496.6,-1.672,129.64
948.9,3,3,25.9,3.41,1.17,1,49,9,472.2,-0.003,59.66
1124.9,2,2,35.92,18.41,5.29,2,58,8,451.7,0.021,63.72
1706.0,3,4,9.74,0.5,7.19,2,39,18,511.4,-0.228,137.5
1705.5,1,2,37.08,8.72,7.5,3,80,13,459.1,0.62,82.97
1706.0,3,2,2.41,26.46,7.23,2,97,16,716.5,-1.409,97.25
3041.1,3,1,37.38,6.57,2.21,0,85,9,169.0,-0.409,127.9
1728.4,4,1,14.06,22.09,3.69,0,61,12,418.1,0.479,79.55
1954.2,3,4,4.06,0.5,4.23,0,9,12,369.5,0.68,117.43
1881.6,3,3,19.43,4.34,8.24,2,6,6,532.9,0.149,122.97
1760.6,1,2,10.27,2.41,3.51,1,35,19,511.6,-0.288,118.01
1373.9,4,4,11.39,10.5,2.9,1,39,7,743.3,-0.12,93.84
1803.6,5,1,12.29,31.83,9.62,1,22,3,792.7,0.74,110.78
1190.9,1,2,32.12,2.37,1.08,1,41,16,384.0,0.034,65.37
1405.3,1,3,21.57,8.49,9.98,0,5,18,500.1,-1.042,86.72
1305.9,5,1,12.45,1.77,7.09,0,42,16,529.4,-1.233,96.61
1532.7,3,1,24.41,6.67,8.46,3,87,7,380.3,-1.49,93.38
2425.9,2,1,28.65,4.99,3.65,2,81,4,594.3,1.456,107.45
753.1,4,4,10.9,28.61,1.13,2,76,8,464.1,0.807,40.78
1774.5,2,3,16.54,7.5,7.64,1,87,13,339.9,-0.106,88.33
854.9,5,2,4.88,3.44,8.51,0,80,13,458.1,-0.454,96.99
1311.2,1,4,7.25,0.97,7.66,1,67,17,350.3,-0.574,104.88
1935.6,1,4,27.24,1.31,2.29,3,30,17,655.5,1.093,109.15
1525.7,4,4,7.26,2.04,7.78,2,57,5,785.2,1.904,132.51
1068.9,1,1,21.01,2.31,7.92,2,86,6,536.7,-0.605,78.24
1213.9,1,3,28.36,15.21,6.93,1,73,19,516.7,1.138,76.47
1771.8,4,4,4.28,6.59,7.9,3,29,13,522.9,0.028,139.18
1207.9,4,2,22.69,5.93,8.61,2,37,14,677.3,-0.212,84.95
1586.6,5,3,10.26,0.98,6.52,3,87,4,674.1,1.504,123.02
1518.2,1,2,38.52,15.74,1.8,3,13,7,482.7,-0.01,38.2
1239.4,1,3,19.34,10.26,5.39,1,32,8,537.9,0.296,66.16
2357.6,5,2,32.24,0.56,1.7,0,46,13,597.9,0.248,121.08
1753.6,3,1,22.01,9.84,4.67,1,23,6,329.3,-1.626,99.62
689.9,3,4,1.74,6.27,4.66,0,45,6,681.9,0.288,66.41
1574.6,3,2,25.33,0.68,1.59,3,17,3,760.2,-0.563,81.86
1235.3,5,3,38.06,4.9,4.14,0,85,3,674.8,-1.421,57.3
1841.0,1,4,24.06,5.3,2.0,3,66,13,313.2,-0.517,93.78
1183.0,5,4,32.77,1.45,8.27,2,6,2,204.5,-0.525,108.92
1454.1,5,3,35.37,23.31,9.53,2,18,16,606.3,1.03,82.6
1702.0,3,2,9.12,15.18,1.65,2,94,6,386.0,-1.064,100.84
1846.3,2,1,8.48,8.85,9.6,1,22,8,543.1,-0.79,113.26
1019.9,1,1,24.44,4.96,5.7,1,33,8,730.3,0.235,49.25
1366.2,3,2,16.44,4.25,3.7,3,30,6,401.5,-1.326,81.13
1310.0,2,4,33.59,8.42,1.69,2,81,14,443.4,-0.659,63.86
1238.7,2,4,36.0,6.31,5.51,1,32,3,541.5,-1.664,54.01
2206.2,4,4,14.14,0.51,8.15,2,42,10,305.4,0.92,143.73
1662.0,1,4,9.47,5.75,7.36,1,78,3,386.3,-0.301,107.61
995.6,2,2,31.22,13.14,1.45,0,10,12,503.7,-0.016,29.04
1867.1,3,4,10.99,4.92,1.66,0,36,17,454.9,0.916,94.97
2348.9,4,3,32.9,0.5,4.63,2,34,5,591.3,-0.722,134.61
1913.0,1,4,16.95,12.34,3.66,3,73,9,914.9,-0.312,104.26
892.3,5,1,26.7,1.8,3.09,1,28,7,514.9,-1.056,70.27
1306.3,3,4,3.82,2.39,3.53,1,11,4,373.7,-1.059,92.43
2006.8,2,2,24.95,1.44,8.23,0,78,13,712.7,-0.921,126.01
1216.9,2,1,18.07,3.21,9.36,0,39,13,261.7,-0.492,100.92
1677.5,3,2,23.46,11.31,4.65,3,47,10,291.7,-0.385,95.99
1809.9,2,2,6.72,5.86,9.15,3,19,18,410.7,0.289,122.43
1129.2,4,1,29.47,1.83,3.89,3,15,17,457.6,-0.891,75.21
1476.2,1,2,34.51,16.82,5.29,2,28,13,407.1,0.32,58.48
400.0,4,2,8.67,16.93,3.03,0,24,17,495.3,0.485,30.43
1090.2,2,4,3.83,16.36,6.76,2,72,4,541.2,-0.468,87.98
1399.0,5,3,0.95,2.18,9.81,0,9,1,660.3,-0.805,125.51
1000.9,1,2,25.68,4.8,6.43,0,47,1,513.7,0.085,72.34
2153.0,1,2,24.28,33.59,4.22,1,33,15,415.7,-0.203,76.32
927.9,3,2,21.87,11.83,6.83,0,62,13,652.2,0.22,59.4
1324.0,3,4,9.28,0.5,2.11,0,97,17,377.3,1.57,90.34
1552.3,5,3,15.64,0.54,9.0,2,19,8,255.1,0.069,115.38
2076.5,1,1,23.78,4.99,5.53,0,67,18,680.9,-0.639,114.57
925.7,5,4,19.87,19.19,5.04,2,74,13,671.3,-0.891,81.94
1965.3,3,4,39.51,6.19,6.27,3,40,14,381.2,-0.852,104.84
1504.1,3,3,5.46,5.51,6.62,0,47,8,440.1,-1.463,104.27
1107.4,1,3,27.81,0.89,1.65,0,65,8,362.5,0.933,54.26
1684.8,4,4,16.17,8.56,7.14,2,29,15,549.0,-2.233,109.89
1579.6,2,1,17.13,13.81,3.18,3,50,13,759.8,0.488,96.03
1259.9,3,4,28.7,3.83,7.43,1,98,7,605.4,-0.868,81.74
1527.9,3,3,27.7,11.96,8.4,3,13,5,655.4,-0.512,89.87
1345.9,4,1,39.65,26.7,8.24,2,1,17,623.0,-0.898,47.84
1545.4,4,3,5.14,1.82,5.97,3,34,16,500.0,1.446,124.01
1764.9,5,1,4.16,5.93,5.68,2,93,2,662.5,0.016,124.13
2134.4,5,2,28.97,2.71,2.29,2,48,18,611.8,0.79,109.51
1004.9,2,3,23.14,12.59,7.98,1,77,17,715.9,1.301,59.76
2353.2,2,3,10.97,6.89,3.44,0,48,7,431.1,0.163,143.11
719.2,1,4,3.18,8.05,5.47,2,49,13,239.3,-1.196,69.3
1439.3,5,3,3.43,12.79,3.56,2,64,18,656.8,-0.221,102.76
1735.3,3,3,35.77,4.03,2.2,1,61,14,552.5,-0.742,88.7
1612.4,5,2,7.67,19.73,6.67,2,29,18,455.6,-0.504,115.54
1250.9,3,3,12.93,6.09,1.49,0,39,13,464.0,-0.095,70.5
1416.8,4,2,9.07,1.38,7.74,1,88,11,883.2,-0.134,109.56
1302.8,5,2,14.2,9.52,3.86,0,26,16,403.7,0.412,85.28
1264.3,4,2,2.78,12.61,1.0,0,17,17,372.0,0.557,66.53
1839.8,2,2,20.76,3.05,5.6,1,71,8,512.8,-0.134,101.5
1642.8,2,1,2.7,15.57,1.42,2,13,19,677.1,0.403,97.86
1222.8,1,4,32.01,18.93,3.49,0,69,15,841.8,-0.549,54.99
1859.8,5,1,9.35,2.59,7.36,0,26,9,598.6,1.315,137.36
1622.9,4,3,21.6,32.85,1.56,0,49,10,309.4,-0.566,57.92
1825.1,3,1,35.2,1.21,8.55,0,67,12,795.6,1.197,101.99
1751.9,2,1,26.04,1.81,1.03,1,7,1,497.1,-1.476,74.2
1168.4,2,3,21.32,1.63,3.22,1,58,9,374.3,-0.38,83.34
1275.9,3,3,12.97,17.95,7.67,3,49,15,338.1,-0.331,95.33
1798.9,4,3,13.32,8.5,3.85,3,53,1,625.4,0.279,122.54
1744.1,4,1,26.78,1.32,1.92,0,65,12,535.8,0.862,108.14
1491.6,5,1,39.77,4.64,4.24,2,62,3,551.8,-1.249,85.09
1546.9,5,3,26.47,7.64,3.43,0,17,11,693.0,-1.108,103.37
2011.1,1,4,22.31,0.7,8.58,2,43,2,379.7,-1.402,126.14
1263.4,2,4,29.23,17.12,3.82,0,25,16,704.9,1.32,44.85
1718.8,5,2,18.61,13.02,8.1,3,3,9,422.1,0.298,119.67
1419.1,4,3,2.41,5.63,9.03,3,79,15,824.6,-1.084,107.18
1412.9,3,2,22.49,27.32,4.9,2,29,12,589.8,-0.443,65.76
1939.5,4,4,38.31,4.33,9.19,0,32,1,362.0,1.182,123.69
1830.2,2,2,7.01,33.14,4.4,2,26,13,196.2,-0.278,87.28
1825.4,4,3,27.6,8.82,9.68,3,16,14,621.3,-0.337,136.08
2022.2,1,3,8.04,8.06,1.8,0,25,8,443.9,-0.781,93.99
1508.4,2,3,21.43,1.45,7.18,0,54,8,476.7,-1.025,99.13
1772.8,3,1,3.87,17.09,5.44,2,28,12,614.9,1.183,106.13
1375.9,1,2,18.01,4.46,4.49,1,73,1,651.6,1.674,71.86
1629.7,2,4,30.25,1.42,6.69,2,56,11,683.6,-0.985,92.69
1447.9,3,4,13.9,0.5,7.33,3,65,8,323.8,1.405,107.26
1538.8,1,4,26.6,6.56,1.04,3,93,10,713.9,-0.487,70.35
1738.1,1,1,31.82,6.0,2.5,3,86,19,413.1,0.534,81.06
1172.7,2,1,37.09,10.17,7.42,3,80,11,161.6,1.41,58.34
2337.0,5,3,9.39,17.68,7.0,3,41,7,323.2,-0.145,144.75
1097.6,1,4,15.97,0.66,9.69,1,51,11,532.7,-0.328,98.32
1014.3,1,1,6.1,10.52,7.85,0,71,17,353.2,0.801,78.77
1963.2,3,3,39.7,1.66,9.56,2,78,1,486.8,-1.11,114.07
1816.7,4,4,37.08,15.63,7.32,2,29,8,550.7,1.147,99.48
1749.6,2,2,21.6,13.68,3.68,3,83,6,472.8,0.143,98.7
1751.3,2,3,33.68,6.23,1.95,2,19,18,425.8,-0.578,88.95
1495.1,5,1,20.84,9.91,8.04,3,66,6,312.4,-0.604,116.97
1141.1,5,1,24.94,3.02,6.8,1,41,5,503.3,-1.383,92.42
1530.3,2,3,3.56,5.1,1.43,1,45,13,190.3,-0.536,111.84
1229.1,5,3,30.21,13.79,4.24,0,15,19,397.1,-0.264,48.93
1890.0,3,1,5.11,4.92,9.61,1,3,8,360.8,-1.061,133.46
1441.2,2,2,33.04,3.54,5.5,1,11,9,464.1,-0.045,77.69
1169.8,5,4,31.28,5.45,4.89,0,53,17,468.0,0.473,77.25
1371.4,2,2,28.35,14.09,5.12,2,46,3,644.0,-0.213,63.29
1665.2,4,3,1.45,3.27,2.88,3,30,19,737.5,0.663,123.85
1274.5,1,2,12.13,1.53,4.32,3,57,11,332.3,-0.807,73.9
1171.1,2,1,10.52,9.96,4.33,2,18,17,798.9,1.003,78.67
1597.5,1,3,14.41,13.99,1.47,0,51,19,383.1,0.122,71.98
1598.0,5,4,3.51,0.85,7.91,2,48,2,525.9,1.545,131.14
1297.2,1,1,37.48,2.19,4.75,1,66,8,576.6,2.414,68.06
1311.6,2,1,22.15,1.22,8.4,0,96,19,866.7,-0.47,90.08
1592.8,4,4,12.22,3.42,8.65,0,8,7,418.7,-0.429,129.4
920.8,5,4,15.88,4.79,2.91,0,22,17,230.5,-0.246,67.38
937.0,2,2,17.89,11.05,6.92,3,6,6,723.6,0.596,67.14
1212.6,5,3,24.02,8.42,5.25,2,76,19,375.0,1.326,91.42
1414.6,3,4,20.63,7.76,8.92,0,57,6,445.8,-0.653,101.81
1624.4,1,4,36.78,3.48,2.94,0,36,2,332.3,0.381,82.21
2090.1,3,3,19.88,14.73,7.1,0,79,6,446.2,-0.136,124.46
1843.1,2,4,39.69,5.1,6.47,2,92,5,373.9,0.618,96.1
1436.0,4,4,34.06,30.95,3.66,3,57,19,601.5,1.509,52.94
1492.4,5,2,8.34,8.04,2.23,1,49,4,512.1,-0.24,103.42
1099.0,1,1,37.22,1.08,6.86,3,45,17,397.8,-1.67,63.95
1492.6,5,1,4.65,9.02,7.65,0,82,11,649.4,0.744,119.72
1384.5,2,1,32.7,3.15,3.84,3,66,4,538.2,-0.833,77.95
1629.1,5,1,15.22,9.28,6.8,3,77,13,223.1,-0.143,105.25
1169.1,1,4,35.12,0.58,4.56,1,45,17,638.0,0.787,70.98
1707.7,2,3,34.72,1.54,7.42,2,79,9,527.7,0.297,94.2
2113.1,5,3,32.24,15.49,2.79,2,20,4,708.6,-0.102,111.92
1456.5,4,2,31.6,2.06,9.01,3,64,14,518.6,-0.576,90.55
1660.7,2,2,12.19,14.51,3.59,3,93,19,381.2,-2.9,102.56
1776.1,2,4,3.24,2.62,4.31,2,93,3,469.4,0.698,125.39
1339.5,4,3,16.12,8.24,1.52,2,67,14,620.6,-0.253,82.71
1589.6,3,3,6.94,9.48,2.0,1,83,8,384.4,1.513,103.97
1505.0,1,1,27.8,5.75,5.64,0,3,1,434.0,0.398,82.66
1539.1,3,4,13.84,2.91,3.41,3,54,10,466.7,-0.541,116.34
1190.8,5,4,39.02,1.91,8.52,2,78,18,327.6,1.067,99.33
1509.8,4,1,25.64,0.5,1.13,3,64,16,386.6,1.151,91.63
1699.2,3,4,32.9,2.9,4.41,3,40,8,525.9,-0.219,93.21
2080.5,2,4,5.3,8.47,4.04,2,59,1,680.4,1.194,123.42
1883.7,5,2,34.48,22.28,1.17,1,55,12,547.6,-0.555,76.63
2361.3,5,3,36.91,16.4,2.12,3,62,8,493.1,0.16,119.15
1193.1,3,4,19.48,11.62,4.72,1,4,16,375.3,0.571,72.87
1848.9,3,2,24.25,12.43,5.44,2,60,18,664.3,0.785,97.34
1573.3,4,3,30.59,8.75,4.64,0,75,4,565.0,0.622,102.19
2375.9,1,1,6.99,2.41,5.78,0,95,6,394.0,-0.333,137.58
1176.7,3,2,20.1,19.02,6.36,3,96,12,634.8,1.094,64.76
1164.1,3,2,15.95,8.89,1.09,2,91,9,583.9,-0.124,75.39
1260.2,2,3,5.85,6.58,5.18,1,30,15,378.0,-0.569,91.39
650.4,5,1,14.7,0.94,9.67,3,2,16,484.8,-0.554,71.84
1289.7,1,2,2.73,4.74,5.67,2,62,12,426.1,1.94,103.35
1196.3,2,4,1.03,4.93,7.1,2,49,14,895.0,-0.742,96.95
1560.2,4,4,5.41,15.99,3.81,1,9,13,579.8,1.292,100.75
1636.7,4,4,38.52,6.33,7.97,3,92,2,528.0,-1.135,100.64
2250.5,3,1,21.98,3.83,7.96,2,31,3,570.9,0.488,135.71
1880.2,3,2,38.63,30.11,5.69,2,98,10,706.9,0.297,53.88
1269.2,4,4,17.3,0.94,9.78,2,61,9,487.5,1.621,108.02
1140.6,3,1,12.47,4.39,2.13,1,79,8,411.5,-0.654,83.94
1696.8,1,4,20.25,0.5,1.15,3,48,10,626.6,-0.931,108.41
971.9,3,3,17.58,10.77,7.93,3,25,19,473.8,-0.117,69.82
2232.6,5,2,4.23,20.02,8.26,3,36,3,339.5,1.665,147.49
1971.8,3,2,25.63,2.63,2.08,3,8,5,310.3,-0.884,102.45
1312.3,2,1,8.64,15.63,3.39,0,73,3,729.4,-2.588,68.92
814.7,1,1,24.78,2.76,1.16,0,58,16,519.7,0.06,39.41
2041.5,2,2,26.01,19.33,3.64,3,45,17,411.6,0.95,94.57
1454.2,2,4,6.08,11.22,7.96,1,62,15,464.8,-1.014,112.34
1995.1,5,4,2.45,13.07,5.66,0,39,3,621.1,0.848,134.11
862.2,1,3,31.23,0.5,4.13,2,96,12,456.0,-1.036,54.89
1260.2,1,4,18.39,26.33,4.35,0,58,9,282.6,-0.147,63.23
1502.1,1,1,2.33,10.38,1.01,2,81,12,548.9,0.753,78.53
1518.8,1,1,39.79,2.91,3.7,3,99,15,681.3,-1.187,71.44
1320.0,1,4,2.31,14.15,6.82,0,83,2,671.2,0.182,98.6
1749.1,5,1,27.8,2.64,9.77,1,64,18,416.1,1.215,121.71
1073.0,3,2,39.35,16.49,8.62,0,44,12,690.4,0.474,50.29
1443.0,2,2,9.57,0.96,1.21,0,29,4,531.9,-0.721,77.76
1548.1,1,4,5.69,9.73,9.09,0,59,16,686.2,1.519,111.21
1705.8,3,2,4.86,6.22,8.05,3,71,16,586.1,0.658,111.52
1784.6,3,2,12.13,0.81,8.02,1,92,1,271.8,-1.86,123.27
1050.1,2,3,4.04,2.22,5.12,0,9,2,762.0,0.864,96.52
886.4,5,3,27.69,0.5,4.58,1,92,3,507.8,-0.571,77.12
2011.1,4,2,2.49,5.06,3.73,3,6,17,586.5,0.197,117.26
1632.9,4,4,20.38,2.87,1.59,2,29,1,298.4,1.008,103.61
1200.6,3,3,39.87,7.3,3.05,0,58,6,575.8,-0.55,55.09
2120.5,2,1,32.56,2.82,3.22,1,17,15,665.4,-1.646,94.03
1546.3,4,1,24.61,2.85,5.36,1,16,14,790.3,1.506,99.13
1971.7,3,1,12.25,10.88,7.73,3,87,15,710.1,1.165,118.25
1527.0,5,4,24.96,0.5,5.26,0,95,14,583.1,-0.087,101.88
2324.3,4,2,21.08,18.66,1.52,2,3,5,268.3,0.853,111.8
2202.1,3,1,17.04,15.3,9.62,1,21,6,519.8,-0.369,120.78
1400.4,3,4,5.23,8.82,9.48,0,64,17,411.1,0.097,111.62
1888.6,1,3,35.46,7.2,8.07,2,90,11,535.2,-0.144,96.42
1758.2,5,2,17.99,17.83,9.92,1,36,16,317.6,-0.329,107.21
2047.5,1,3,7.78,1.64,5.9,1,86,12,468.5,0.359,137.7
1114.0,2,4,14.71,0.66,9.66,2,62,15,422.4,-1.208,108.16
1774.4,1,1,16.57,2.19,1.68,2,42,4,417.8,-0.252,82.82
1923.4,1,1,33.1,12.66,4.29,3,76,18,419.3,0.314,92.35
796.5,4,4,29.34,0.5,3.03,0,42,3,479.6,1.838,71.78
1026.7,3,1,30.77,6.99,2.76,0,61,8,542.9,-1.168,64.96
684.3,5,2,0.44,43.12,2.27,3,13,3,125.2,0.521,37.24
1392.2,1,4,16.65,15.49,6.6,1,11,8,143.5,0.63,73.34
1787.0,5,3,19.25,5.9,8.03,2,54,18,449.2,-1.877,128.75
2100.9,1,4,0.77,0.53,6.2,2,16,10,470.3,0.411,136.31
1529.6,2,2,10.39,14.24,2.32,2,8,17,528.4,0.88,81.32
2151.4,1,2,30.41,7.31,8.3,1,59,8,390.8,0.589,117.06
948.0,4,4,5.48,0.98,6.72,2,57,11,501.4,-0.084,91.57
818.6,3,4,21.41,0.79,4.49,2,40,5,519.0,0.333,61.7
1477.8,2,1,8.61,19.23,7.07,3,59,13,389.8,0.17,92.55
1653.6,1,2,0.48,8.85,3.34,1,2,5,652.0,-1.689,116.38
1486.9,5,4,9.65,14.14,4.11,0,94,13,526.5,0.193,108.25
673.0,2,4,39.03,16.89,9.26,3,94,6,582.0,-0.367,48.28
1464.4,2,2,32.06,6.78,3.61,3,76,5,510.3,-0.705,84.45
978.2,1,4,38.38,5.83,5.23,0,10,9,815.6,2.485,56.68
1767.9,2,1,19.51,4.5,9.01,3,44,16,589.5,1.253,117.82
1646.6,5,2,4.39,3.05,7.37,1,11,2,426.8,-1.15,134.45
1124.0,2,1,21.92,4.56,1.56,2,79,1,623.1,0.347,52.28
1294.5,5,1,18.18,11.89,2.33,1,80,8,254.4,1.458,77.54
1076.3,1,1,33.77,7.37,1.07,0,81,19,517.9,-1.496,40.64
1474.9,3,1,3.92,17.84,6.68,0,90,11,547.9,0.077,92.63
1882.1,2,2,19.53,4.69,5.03,3,2,12,519.7,0.124,107.59
1105.7,3,1,6.0,7.47,2.21,1,50,12,449.9,-1.274,79.52
1701.6,5,1,12.99,7.98,9.62,1,12,7,348.2,0.38,114.41
1287.9,2,4,29.49,7.17,5.77,0,90,13,381.6,1.116,71.42
1182.9,4,2,19.04,9.7,3.18,1,23,8,515.3,1.508,68.43
1457.2,3,2,15.04,2.17,5.51,0,18,9,333.0,-0.249,105.63
1085.9,2,3,15.78,5.75,7.12,1,62,7,765.5,2.502,81.72
1278.5,3,2,18.38,0.88,1.69,1,96,15,103.9,-2.058,77.59
1020.8,2,2,31.4,3.88,3.47,1,62,2,451.5,0.356,54.24
2285.9,1,3,35.68,5.35,8.26,0,38,12,516.6,-1.412,118.62
1514.1,3,2,38.21,8.45,5.14,3,67,1,576.1,0.09,92.09
1220.1,4,2,31.48,24.05,5.92,1,38,8,362.6,-0.522,46.57
1585.6,4,2,12.62,7.34,4.9,0,67,5,670.1,0.507,107.82
1455.1,5,2,27.53,10.89,1.4,0,94,15,290.9,-0.127,78.94
1411.6,2,3,17.5,5.65,2.49,1,61,1,415.1,-0.826,76.57
1745.7,3,2,10.19,8.04,5.01,1,1,1,593.1,-0.76,121.02
1803.0,5,2,33.63,0.59,2.88,3,94,10,656.0,1.932,109.5
1287.8,3,3,1.54,2.35,1.45,0,45,10,289.4,0.444,89.6
1269.7,2,4,36.07,3.59,8.59,0,96,15,896.8,-1.702,65.73
1390.0,4,1,18.46,5.12,9.83,2,28,17,365.4,0.551,106.26
579.2,1,4,25.49,0.5,8.14,0,21,6,303.2,-0.195,56.71
893.9,4,3,26.37,1.21,8.68,3,13,3,575.4,0.005,74.56
2046.7,5,1,35.8,2.59,3.18,2,27,13,447.8,0.82,101.1
2158.0,1,3,25.47,28.47,9.65,2,7,16,425.6,1.183,108.78
1400.4,5,3,24.56,3.22,2.77,2,22,8,589.3,-0.859,76.21
1730.6,2,2,2.67,5.26,9.56,1,74,15,270.9,-0.03,128.38
1624.5,1,1,20.74,1.75,9.95,1,53,17,244.7,-0.546,104.68
2731.6,5,2,6.01,7.55,7.41,0,79,17,410.4,0.597,172.5
1947.8,2,1,29.5,2.64,9.83,2,79,13,661.7,-0.232,114.68
1448.8,4,3,20.49,1.86,6.13,3,4,17,416.9,0.029,107.73
1117.8,2,3,27.21,5.81,3.34,1,96,6,739.9,-0.27,58.63
857.4,3,4,1.67,0.5,4.93,3,23,17,680.2,-0.106,90.84
1581.4,2,1,3.39,0.5,6.34,3,70,16,542.4,1.705,120.37
1197.5,2,2,28.65,1.98,1.66,1,88,14,551.0,2.391,66.14
931.1,3,4,2.88,0.5,6.6,1,84,13,542.3,0.377,97.99
1241.4,5,4,2.85,0.91,9.83,1,84,6,524.0,-0.1,115.53
1067.4,5,4,0.48,3.31,2.71,1,76,3,445.1,-1.596,91.86
2174.9,2,2,38.26,12.98,8.13,2,33,14,462.5,-0.76,102.13
1852.7,3,4,29.5,6.79,9.17,2,28,14,339.5,-0.127,113.82
1496.8,3,2,14.13,5.75,9.49,2,8,15,168.5,-0.715,120.93
2092.0,4,4,11.86,2.78,9.64,2,1,8,665.6,-0.61,146.86
1530.9,5,2,13.99,21.48,5.69,0,37,15,523.6,1.575,79.36
1155.5,1,3,30.99,4.05,9.8,2,63,13,500.9,0.029,83.88
2109.2,5,3,26.45,0.73,7.82,1,22,17,559.8,0.118,146.96
1715.6,5,3,7.41,7.68,2.46,3,70,3,375.7,-0.674,105.37
1085.1,4,3,6.96,0.97,5.29,2,21,6,349.8,1.178,113.11
1423.9,1,3,3.94,3.39,7.46,0,96,5,457.4,-0.213,108.68
1149.8,4,4,26.41,5.66,3.23,1,35,17,705.2,-0.521,83.31
946.9,1,4,30.57,16.59,6.77,3,79,2,324.7,-1.581,64.36
